portfolio_rows,baseline_default_rate,watchlist_rows,watchlist_share,watchlist_default_rate,lift_vs_baseline
51121,0.1991745075409323,3178,0.06216623305490894,0.2671491504090623,1.3412818422767308
